{
  "title": "069a96ad-398f-48e0-b498-ba215d8f5bd2.jpg",
  "description": "",
  "imageViews": "4",
  "creationTime": {
    "timestamp": "1640590931",
    "formatted": "Dec 27, 2021, 7:42:11 AM UTC"
  },
  "photoTakenTime": {
    "timestamp": "1640590916",
    "formatted": "Dec 27, 2021, 7:41:56 AM UTC"
  },
  "geoData": {
    "latitude": 0.0,
    "longitude": 0.0,
    "altitude": 0.0,
    "latitudeSpan": 0.0,
    "longitudeSpan": 0.0
  },
  "geoDataExif": {
    "latitude": 0.0,
    "longitude": 0.0,
    "altitude": 0.0,
    "latitudeSpan": 0.0,
    "longitudeSpan": 0.0
  },
  "url": "https://lh3.googleusercontent.com/UFrzoUyA7v-bnWNR-inzzZcvcZJniRkej1gvu3O3DN34_RjRxPU8iixwaM3PobxwpN4V8T0jzzfVtIK9YhqNoSArBH3BqreesX-uWJA",
  "googlePhotosOrigin": {
    "mobileUpload": {
      "deviceFolder": {
        "localFolderName": ""
      },
      "deviceType": "ANDROID_PHONE"
    }
  },
  "photoLastModifiedTime": {
    "timestamp": "1640593072",
    "formatted": "Dec 27, 2021, 8:17:52 AM UTC"
  }
}