{
  "title": "1609027540150.jpg",
  "description": "",
  "imageViews": "4",
  "creationTime": {
    "timestamp": "1640590925",
    "formatted": "Dec 27, 2021, 7:42:05 AM UTC"
  },
  "photoTakenTime": {
    "timestamp": "1640590915",
    "formatted": "Dec 27, 2021, 7:41:55 AM UTC"
  },
  "geoData": {
    "latitude": 0.0,
    "longitude": 0.0,
    "altitude": 0.0,
    "latitudeSpan": 0.0,
    "longitudeSpan": 0.0
  },
  "geoDataExif": {
    "latitude": 0.0,
    "longitude": 0.0,
    "altitude": 0.0,
    "latitudeSpan": 0.0,
    "longitudeSpan": 0.0
  },
  "url": "https://lh3.googleusercontent.com/HH_o4uMNB5kqGL5b7ZnBcUe8eyk8AGti06Nk_X2oBwt5Vgga835b4M1n4COC3u86h3fKyZoyV_UkFc-vmurdhfybaxueuuz4OpSH12Q",
  "googlePhotosOrigin": {
    "mobileUpload": {
      "deviceFolder": {
        "localFolderName": ""
      },
      "deviceType": "ANDROID_PHONE"
    }
  },
  "photoLastModifiedTime": {
    "timestamp": "1640593072",
    "formatted": "Dec 27, 2021, 8:17:52 AM UTC"
  }
}