{
  "title": "20210626_144234.jpg",
  "description": "",
  "imageViews": "5",
  "creationTime": {
    "timestamp": "1640590921",
    "formatted": "Dec 27, 2021, 7:42:01 AM UTC"
  },
  "photoTakenTime": {
    "timestamp": "1624740159",
    "formatted": "Jun 26, 2021, 8:42:39 PM UTC"
  },
  "geoData": {
    "latitude": 0.0,
    "longitude": 0.0,
    "altitude": 0.0,
    "latitudeSpan": 0.0,
    "longitudeSpan": 0.0
  },
  "geoDataExif": {
    "latitude": 0.0,
    "longitude": 0.0,
    "altitude": 0.0,
    "latitudeSpan": 0.0,
    "longitudeSpan": 0.0
  },
  "url": "https://lh3.googleusercontent.com/8fVKcu6VoebzaMPwE5iXV4WYQSrr2qrnQ81uHr5ZMnL3efhInAY42RHfNhg1mPXk73UutA4zEmZiyEJV4PjuajzazBbK2zlUq5vu5DQ",
  "googlePhotosOrigin": {
    "mobileUpload": {
      "deviceFolder": {
        "localFolderName": ""
      },
      "deviceType": "ANDROID_PHONE"
    }
  },
  "photoLastModifiedTime": {
    "timestamp": "1640593072",
    "formatted": "Dec 27, 2021, 8:17:52 AM UTC"
  }
}