{
  "title": "FB_IMG_1604600500858.jpg",
  "description": "",
  "imageViews": "6",
  "creationTime": {
    "timestamp": "1640590935",
    "formatted": "Dec 27, 2021, 7:42:15 AM UTC"
  },
  "photoTakenTime": {
    "timestamp": "1640590918",
    "formatted": "Dec 27, 2021, 7:41:58 AM UTC"
  },
  "geoData": {
    "latitude": 0.0,
    "longitude": 0.0,
    "altitude": 0.0,
    "latitudeSpan": 0.0,
    "longitudeSpan": 0.0
  },
  "geoDataExif": {
    "latitude": 0.0,
    "longitude": 0.0,
    "altitude": 0.0,
    "latitudeSpan": 0.0,
    "longitudeSpan": 0.0
  },
  "url": "https://lh3.googleusercontent.com/KADpLw6a96HL2zzQkV9tu0HMFx4BtfjYkrBGz0XYXu1bvigINPG7pywXD35MkPMEqA6vcU7gC7g4GWJx3roI-C2r9LeCvnrfshU9nWQ",
  "googlePhotosOrigin": {
    "mobileUpload": {
      "deviceFolder": {
        "localFolderName": ""
      },
      "deviceType": "ANDROID_PHONE"
    }
  },
  "photoLastModifiedTime": {
    "timestamp": "1640593065",
    "formatted": "Dec 27, 2021, 8:17:45 AM UTC"
  }
}