{
  "title": "FB_IMG_1604600550512.jpg",
  "description": "",
  "imageViews": "6",
  "creationTime": {
    "timestamp": "1640590935",
    "formatted": "Dec 27, 2021, 7:42:15 AM UTC"
  },
  "photoTakenTime": {
    "timestamp": "1640590918",
    "formatted": "Dec 27, 2021, 7:41:58 AM UTC"
  },
  "geoData": {
    "latitude": 0.0,
    "longitude": 0.0,
    "altitude": 0.0,
    "latitudeSpan": 0.0,
    "longitudeSpan": 0.0
  },
  "geoDataExif": {
    "latitude": 0.0,
    "longitude": 0.0,
    "altitude": 0.0,
    "latitudeSpan": 0.0,
    "longitudeSpan": 0.0
  },
  "url": "https://lh3.googleusercontent.com/3ymU2aZ_V2dadEMZfY1-izXVwcjZrLObD0MwsMUXOq3ZSP0_hW7RNj5JKXcj6gSnXTp5IvZWtfvJFRWBttH8dfbD6H0GTA7NfQSSSyE",
  "googlePhotosOrigin": {
    "mobileUpload": {
      "deviceFolder": {
        "localFolderName": ""
      },
      "deviceType": "ANDROID_PHONE"
    }
  },
  "photoLastModifiedTime": {
    "timestamp": "1640593065",
    "formatted": "Dec 27, 2021, 8:17:45 AM UTC"
  }
}