{
  "title": "FB_IMG_1626382223790.jpg",
  "description": "",
  "imageViews": "4",
  "creationTime": {
    "timestamp": "1640590917",
    "formatted": "Dec 27, 2021, 7:41:57 AM UTC"
  },
  "photoTakenTime": {
    "timestamp": "1640590915",
    "formatted": "Dec 27, 2021, 7:41:55 AM UTC"
  },
  "geoData": {
    "latitude": 0.0,
    "longitude": 0.0,
    "altitude": 0.0,
    "latitudeSpan": 0.0,
    "longitudeSpan": 0.0
  },
  "geoDataExif": {
    "latitude": 0.0,
    "longitude": 0.0,
    "altitude": 0.0,
    "latitudeSpan": 0.0,
    "longitudeSpan": 0.0
  },
  "url": "https://lh3.googleusercontent.com/L8wzRG2fRLNvxlgA1BeHzIh1oMztXLy_fIE4M9YwbHhysN_UIiDai6Br6KxH65kblSFPIuV0mdqhjTUlaGZhV_eFDqXGbUCx31P9KN0",
  "googlePhotosOrigin": {
    "mobileUpload": {
      "deviceFolder": {
        "localFolderName": ""
      },
      "deviceType": "ANDROID_PHONE"
    }
  },
  "photoLastModifiedTime": {
    "timestamp": "1640593072",
    "formatted": "Dec 27, 2021, 8:17:52 AM UTC"
  }
}