{
  "title": "FB_IMG_1604600542241.jpg",
  "description": "",
  "imageViews": "6",
  "creationTime": {
    "timestamp": "1640590931",
    "formatted": "Dec 27, 2021, 7:42:11 AM UTC"
  },
  "photoTakenTime": {
    "timestamp": "1640590917",
    "formatted": "Dec 27, 2021, 7:41:57 AM UTC"
  },
  "geoData": {
    "latitude": 0.0,
    "longitude": 0.0,
    "altitude": 0.0,
    "latitudeSpan": 0.0,
    "longitudeSpan": 0.0
  },
  "geoDataExif": {
    "latitude": 0.0,
    "longitude": 0.0,
    "altitude": 0.0,
    "latitudeSpan": 0.0,
    "longitudeSpan": 0.0
  },
  "url": "https://lh3.googleusercontent.com/JibfgTQGqy4UAttirSAaopQ1awO4pWHgsBypQo9F8rrpWhzlNOMUPCxi2T2cMpmS7BGhjukLpjDvTZcstYuNCNIFZFUEN1SQk7-iREw",
  "googlePhotosOrigin": {
    "mobileUpload": {
      "deviceFolder": {
        "localFolderName": ""
      },
      "deviceType": "ANDROID_PHONE"
    }
  },
  "photoLastModifiedTime": {
    "timestamp": "1640593065",
    "formatted": "Dec 27, 2021, 8:17:45 AM UTC"
  }
}