{
  "title": "FB_IMG_1604600562710.jpg",
  "description": "",
  "imageViews": "6",
  "creationTime": {
    "timestamp": "1640590935",
    "formatted": "Dec 27, 2021, 7:42:15 AM UTC"
  },
  "photoTakenTime": {
    "timestamp": "1640590918",
    "formatted": "Dec 27, 2021, 7:41:58 AM UTC"
  },
  "geoData": {
    "latitude": 0.0,
    "longitude": 0.0,
    "altitude": 0.0,
    "latitudeSpan": 0.0,
    "longitudeSpan": 0.0
  },
  "geoDataExif": {
    "latitude": 0.0,
    "longitude": 0.0,
    "altitude": 0.0,
    "latitudeSpan": 0.0,
    "longitudeSpan": 0.0
  },
  "url": "https://lh3.googleusercontent.com/NQEBnie1yPy2c0bCzBTzi_F1OVA2Q5q-QS0f0ZPpZEJ_MO57jhru_lw2Bq6h0ZvOf5HAY_KK49nOtzvwwEj0aCmbaKNG3qtqK071pxY",
  "googlePhotosOrigin": {
    "mobileUpload": {
      "deviceFolder": {
        "localFolderName": ""
      },
      "deviceType": "ANDROID_PHONE"
    }
  },
  "photoLastModifiedTime": {
    "timestamp": "1640593065",
    "formatted": "Dec 27, 2021, 8:17:45 AM UTC"
  }
}