{
  "title": "FB_IMG_1619831052862.jpg",
  "description": "",
  "imageViews": "6",
  "creationTime": {
    "timestamp": "1640590935",
    "formatted": "Dec 27, 2021, 7:42:15 AM UTC"
  },
  "photoTakenTime": {
    "timestamp": "1640590918",
    "formatted": "Dec 27, 2021, 7:41:58 AM UTC"
  },
  "geoData": {
    "latitude": 0.0,
    "longitude": 0.0,
    "altitude": 0.0,
    "latitudeSpan": 0.0,
    "longitudeSpan": 0.0
  },
  "geoDataExif": {
    "latitude": 0.0,
    "longitude": 0.0,
    "altitude": 0.0,
    "latitudeSpan": 0.0,
    "longitudeSpan": 0.0
  },
  "url": "https://lh3.googleusercontent.com/5X_TtQTAuOBZMLNvW3lVSYrpwFPsnUIS9w3BqAc8vz3qcpAO037OHNKO8Q29FFifdgNvsUhX7-Q6C4zYdjjDwi_PzeVDR4vQwK-9IL4",
  "googlePhotosOrigin": {
    "mobileUpload": {
      "deviceFolder": {
        "localFolderName": ""
      },
      "deviceType": "ANDROID_PHONE"
    }
  },
  "photoLastModifiedTime": {
    "timestamp": "1640593065",
    "formatted": "Dec 27, 2021, 8:17:45 AM UTC"
  }
}