{
  "title": "FB_IMG_1604600535151.jpg",
  "description": "",
  "imageViews": "5",
  "creationTime": {
    "timestamp": "1640590931",
    "formatted": "Dec 27, 2021, 7:42:11 AM UTC"
  },
  "photoTakenTime": {
    "timestamp": "1640590917",
    "formatted": "Dec 27, 2021, 7:41:57 AM UTC"
  },
  "geoData": {
    "latitude": 0.0,
    "longitude": 0.0,
    "altitude": 0.0,
    "latitudeSpan": 0.0,
    "longitudeSpan": 0.0
  },
  "geoDataExif": {
    "latitude": 0.0,
    "longitude": 0.0,
    "altitude": 0.0,
    "latitudeSpan": 0.0,
    "longitudeSpan": 0.0
  },
  "url": "https://lh3.googleusercontent.com/KU0lF-SejGJZL6RzYcseMsDaL37FVEIY1dRQJnpSL6f3J-5FaYoXl9m8H8erabNfEmP3c_UOa8-uZOumfFKyAOp3gpIDvwy9aNIPFjg",
  "googlePhotosOrigin": {
    "mobileUpload": {
      "deviceFolder": {
        "localFolderName": ""
      },
      "deviceType": "ANDROID_PHONE"
    }
  },
  "photoLastModifiedTime": {
    "timestamp": "1640593065",
    "formatted": "Dec 27, 2021, 8:17:45 AM UTC"
  }
}