{
  "title": "FB_IMG_1619881891785.jpg",
  "description": "",
  "imageViews": "6",
  "creationTime": {
    "timestamp": "1640590938",
    "formatted": "Dec 27, 2021, 7:42:18 AM UTC"
  },
  "photoTakenTime": {
    "timestamp": "1640590919",
    "formatted": "Dec 27, 2021, 7:41:59 AM UTC"
  },
  "geoData": {
    "latitude": 0.0,
    "longitude": 0.0,
    "altitude": 0.0,
    "latitudeSpan": 0.0,
    "longitudeSpan": 0.0
  },
  "geoDataExif": {
    "latitude": 0.0,
    "longitude": 0.0,
    "altitude": 0.0,
    "latitudeSpan": 0.0,
    "longitudeSpan": 0.0
  },
  "url": "https://lh3.googleusercontent.com/UDyXGGGhE0tCbUsVop2FfiJakgxlpWnkk6aSgntU23sgnf5lLpC-BAY-vLUY_m6l6c19Lm1U-KXHjjMUvYcfFBLfKIjh_1LOGRBBCwU",
  "googlePhotosOrigin": {
    "mobileUpload": {
      "deviceFolder": {
        "localFolderName": ""
      },
      "deviceType": "ANDROID_PHONE"
    }
  },
  "photoLastModifiedTime": {
    "timestamp": "1640593065",
    "formatted": "Dec 27, 2021, 8:17:45 AM UTC"
  }
}