{
  "title": "FB_IMG_1604600529376.jpg",
  "description": "",
  "imageViews": "5",
  "creationTime": {
    "timestamp": "1640590928",
    "formatted": "Dec 27, 2021, 7:42:08 AM UTC"
  },
  "photoTakenTime": {
    "timestamp": "1640590916",
    "formatted": "Dec 27, 2021, 7:41:56 AM UTC"
  },
  "geoData": {
    "latitude": 0.0,
    "longitude": 0.0,
    "altitude": 0.0,
    "latitudeSpan": 0.0,
    "longitudeSpan": 0.0
  },
  "geoDataExif": {
    "latitude": 0.0,
    "longitude": 0.0,
    "altitude": 0.0,
    "latitudeSpan": 0.0,
    "longitudeSpan": 0.0
  },
  "url": "https://lh3.googleusercontent.com/R35qJbuN9DCX0fTzlXMhP4R2D86HZbOYmh7gJaab8-Ks2-SHEhqwx6B3gNr0sy82UGN40AnFW04A0RZVUeSaE9dVYDFiihf6aRHv2Lk",
  "googlePhotosOrigin": {
    "mobileUpload": {
      "deviceFolder": {
        "localFolderName": ""
      },
      "deviceType": "ANDROID_PHONE"
    }
  },
  "photoLastModifiedTime": {
    "timestamp": "1640593072",
    "formatted": "Dec 27, 2021, 8:17:52 AM UTC"
  }
}