{
  "title": "FB_IMG_1626585009633.jpg",
  "description": "",
  "imageViews": "4",
  "creationTime": {
    "timestamp": "1640590925",
    "formatted": "Dec 27, 2021, 7:42:05 AM UTC"
  },
  "photoTakenTime": {
    "timestamp": "1640590916",
    "formatted": "Dec 27, 2021, 7:41:56 AM UTC"
  },
  "geoData": {
    "latitude": 0.0,
    "longitude": 0.0,
    "altitude": 0.0,
    "latitudeSpan": 0.0,
    "longitudeSpan": 0.0
  },
  "geoDataExif": {
    "latitude": 0.0,
    "longitude": 0.0,
    "altitude": 0.0,
    "latitudeSpan": 0.0,
    "longitudeSpan": 0.0
  },
  "url": "https://lh3.googleusercontent.com/BpSsuYyyNXH0y5aZkdryA-_N957PZjLg-1fikaDEBmQQnluth4ISh1Rp3N3-E7orxV30MCQMLIWPWP6G8PhpqcvTjYXDQMQgV0EX_QI",
  "googlePhotosOrigin": {
    "mobileUpload": {
      "deviceFolder": {
        "localFolderName": ""
      },
      "deviceType": "ANDROID_PHONE"
    }
  },
  "photoLastModifiedTime": {
    "timestamp": "1640593065",
    "formatted": "Dec 27, 2021, 8:17:45 AM UTC"
  }
}