{
  "title": "IMG_20211223_135946.jpg",
  "description": "",
  "imageViews": "5",
  "creationTime": {
    "timestamp": "1640590925",
    "formatted": "Dec 27, 2021, 7:42:05 AM UTC"
  },
  "photoTakenTime": {
    "timestamp": "1640293188",
    "formatted": "Dec 23, 2021, 8:59:48 PM UTC"
  },
  "geoData": {
    "latitude": 0.0,
    "longitude": 0.0,
    "altitude": 0.0,
    "latitudeSpan": 0.0,
    "longitudeSpan": 0.0
  },
  "geoDataExif": {
    "latitude": 0.0,
    "longitude": 0.0,
    "altitude": 0.0,
    "latitudeSpan": 0.0,
    "longitudeSpan": 0.0
  },
  "url": "https://lh3.googleusercontent.com/zbAFKiBXxOtzQ8uTr0etq74JUXZFZ2reN292RW7UKx-Y6Px_rn-OiVKq9nNDpa9ZdR7JgtCyW91898AxxnTe7XdrG4B0RiZNGqe2H5I",
  "googlePhotosOrigin": {
    "mobileUpload": {
      "deviceFolder": {
        "localFolderName": ""
      },
      "deviceType": "ANDROID_PHONE"
    }
  },
  "photoLastModifiedTime": {
    "timestamp": "1640593072",
    "formatted": "Dec 27, 2021, 8:17:52 AM UTC"
  }
}