{
  "title": "IMG_20211201_145616_01.jpg",
  "description": "",
  "imageViews": "5",
  "creationTime": {
    "timestamp": "1640590928",
    "formatted": "Dec 27, 2021, 7:42:08 AM UTC"
  },
  "photoTakenTime": {
    "timestamp": "1638395768",
    "formatted": "Dec 1, 2021, 9:56:08 PM UTC"
  },
  "geoData": {
    "latitude": 0.0,
    "longitude": 0.0,
    "altitude": 0.0,
    "latitudeSpan": 0.0,
    "longitudeSpan": 0.0
  },
  "geoDataExif": {
    "latitude": 0.0,
    "longitude": 0.0,
    "altitude": 0.0,
    "latitudeSpan": 0.0,
    "longitudeSpan": 0.0
  },
  "url": "https://lh3.googleusercontent.com/AE4tlJAdIdXLB9woPYk18WrPMoP9hD2Dl6QPCzFF5s-TvMsDIoL91rYqO1SwbRPL5cfEIsbUEWQH_GKuLzwEgFIqZEddkig-9Dtsmbg",
  "googlePhotosOrigin": {
    "mobileUpload": {
      "deviceFolder": {
        "localFolderName": ""
      },
      "deviceType": "ANDROID_PHONE"
    }
  },
  "photoLastModifiedTime": {
    "timestamp": "1640593072",
    "formatted": "Dec 27, 2021, 8:17:52 AM UTC"
  }
}