{
  "title": "IMG_20211226_105111.jpg",
  "description": "",
  "imageViews": "5",
  "creationTime": {
    "timestamp": "1640590931",
    "formatted": "Dec 27, 2021, 7:42:11 AM UTC"
  },
  "photoTakenTime": {
    "timestamp": "1640590917",
    "formatted": "Dec 27, 2021, 7:41:57 AM UTC"
  },
  "geoData": {
    "latitude": 0.0,
    "longitude": 0.0,
    "altitude": 0.0,
    "latitudeSpan": 0.0,
    "longitudeSpan": 0.0
  },
  "geoDataExif": {
    "latitude": 0.0,
    "longitude": 0.0,
    "altitude": 0.0,
    "latitudeSpan": 0.0,
    "longitudeSpan": 0.0
  },
  "url": "https://lh3.googleusercontent.com/TTc7dBN76F3vjFadCWRDSgQAV3G5RxQ0EobQRn3K--FDHGFsJAuqZZZp-1_osuLXmPdn2PXexnffjog7n0YwcMd3mKxF3vsT6QEm3NE",
  "googlePhotosOrigin": {
    "mobileUpload": {
      "deviceFolder": {
        "localFolderName": ""
      },
      "deviceType": "ANDROID_PHONE"
    }
  },
  "photoLastModifiedTime": {
    "timestamp": "1640593065",
    "formatted": "Dec 27, 2021, 8:17:45 AM UTC"
  }
}