{
  "title": "IMG_20211225_122321_01.jpg",
  "description": "",
  "imageViews": "6",
  "creationTime": {
    "timestamp": "1640590938",
    "formatted": "Dec 27, 2021, 7:42:18 AM UTC"
  },
  "photoTakenTime": {
    "timestamp": "1640590918",
    "formatted": "Dec 27, 2021, 7:41:58 AM UTC"
  },
  "geoData": {
    "latitude": 0.0,
    "longitude": 0.0,
    "altitude": 0.0,
    "latitudeSpan": 0.0,
    "longitudeSpan": 0.0
  },
  "geoDataExif": {
    "latitude": 0.0,
    "longitude": 0.0,
    "altitude": 0.0,
    "latitudeSpan": 0.0,
    "longitudeSpan": 0.0
  },
  "url": "https://lh3.googleusercontent.com/OuGs_gcqnazquzkoQmjRlE1vBDuhk-TI_PQpog4D12MznkIaA6bazEVc5lYtVLANn2fhrAdJvtr2VBEZLeIbivH8g8KbT8_J7Ok9SpQ",
  "googlePhotosOrigin": {
    "mobileUpload": {
      "deviceFolder": {
        "localFolderName": ""
      },
      "deviceType": "ANDROID_PHONE"
    }
  },
  "photoLastModifiedTime": {
    "timestamp": "1640593065",
    "formatted": "Dec 27, 2021, 8:17:45 AM UTC"
  }
}