{
  "title": "IMG_20211226_105105.jpg",
  "description": "",
  "imageViews": "5",
  "creationTime": {
    "timestamp": "1640590925",
    "formatted": "Dec 27, 2021, 7:42:05 AM UTC"
  },
  "photoTakenTime": {
    "timestamp": "1640590916",
    "formatted": "Dec 27, 2021, 7:41:56 AM UTC"
  },
  "geoData": {
    "latitude": 0.0,
    "longitude": 0.0,
    "altitude": 0.0,
    "latitudeSpan": 0.0,
    "longitudeSpan": 0.0
  },
  "geoDataExif": {
    "latitude": 0.0,
    "longitude": 0.0,
    "altitude": 0.0,
    "latitudeSpan": 0.0,
    "longitudeSpan": 0.0
  },
  "url": "https://lh3.googleusercontent.com/15V2EHRfpQVbxBioMjcig-5a-wdWwnqAsKbUQuKdpnBmIDwuOpNd1_NiWb_3gWWpvY91aLWGir5FoKx1crrJr-4OLOiClAtefz2kvXs",
  "googlePhotosOrigin": {
    "mobileUpload": {
      "deviceFolder": {
        "localFolderName": ""
      },
      "deviceType": "ANDROID_PHONE"
    }
  },
  "photoLastModifiedTime": {
    "timestamp": "1640593072",
    "formatted": "Dec 27, 2021, 8:17:52 AM UTC"
  }
}