{
  "title": "received_294534685187582.jpeg",
  "description": "",
  "imageViews": "5",
  "creationTime": {
    "timestamp": "1640590931",
    "formatted": "Dec 27, 2021, 7:42:11 AM UTC"
  },
  "photoTakenTime": {
    "timestamp": "1640590917",
    "formatted": "Dec 27, 2021, 7:41:57 AM UTC"
  },
  "geoData": {
    "latitude": 0.0,
    "longitude": 0.0,
    "altitude": 0.0,
    "latitudeSpan": 0.0,
    "longitudeSpan": 0.0
  },
  "geoDataExif": {
    "latitude": 0.0,
    "longitude": 0.0,
    "altitude": 0.0,
    "latitudeSpan": 0.0,
    "longitudeSpan": 0.0
  },
  "url": "https://lh3.googleusercontent.com/_ij_xbXBtfR6cUrmALdj8f_prEJzNYeZRDQBTwgh7bMPb6Z94dUloKDgx1U_4Jz2Z6haCSswSPpyn6zJ5AfodS8Tg57FCDBPl4NlsXo",
  "googlePhotosOrigin": {
    "mobileUpload": {
      "deviceFolder": {
        "localFolderName": ""
      },
      "deviceType": "ANDROID_PHONE"
    }
  },
  "photoLastModifiedTime": {
    "timestamp": "1640593065",
    "formatted": "Dec 27, 2021, 8:17:45 AM UTC"
  }
}