{
  "title": "galaxy-4291517_1920.jpg",
  "description": "",
  "imageViews": "5",
  "creationTime": {
    "timestamp": "1640590921",
    "formatted": "Dec 27, 2021, 7:42:01 AM UTC"
  },
  "photoTakenTime": {
    "timestamp": "1540126619",
    "formatted": "Oct 21, 2018, 12:56:59 PM UTC"
  },
  "geoData": {
    "latitude": 0.0,
    "longitude": 0.0,
    "altitude": 0.0,
    "latitudeSpan": 0.0,
    "longitudeSpan": 0.0
  },
  "geoDataExif": {
    "latitude": 0.0,
    "longitude": 0.0,
    "altitude": 0.0,
    "latitudeSpan": 0.0,
    "longitudeSpan": 0.0
  },
  "url": "https://lh3.googleusercontent.com/M0lnWpIqkC2f0nM__VblUyCM-kxieF97v-IrbcL-VyMV9HYrwzh5GlW0h00ZmgcdCKUKYO8yyw-q_mRWl8TYRPB8IwXRe11nf5vzSBA",
  "googlePhotosOrigin": {
    "mobileUpload": {
      "deviceFolder": {
        "localFolderName": ""
      },
      "deviceType": "ANDROID_PHONE"
    }
  },
  "photoLastModifiedTime": {
    "timestamp": "1640593072",
    "formatted": "Dec 27, 2021, 8:17:52 AM UTC"
  }
}