{
  "title": "069a96ad-398f-48e0-b498-ba215d8f5bd2.jpg",
  "description": "",
  "imageViews": "3",
  "creationTime": {
    "timestamp": "1640592289",
    "formatted": "Dec 27, 2021, 8:04:49 AM UTC"
  },
  "photoTakenTime": {
    "timestamp": "1640590916",
    "formatted": "Dec 27, 2021, 7:41:56 AM UTC"
  },
  "geoData": {
    "latitude": 0.0,
    "longitude": 0.0,
    "altitude": 0.0,
    "latitudeSpan": 0.0,
    "longitudeSpan": 0.0
  },
  "geoDataExif": {
    "latitude": 0.0,
    "longitude": 0.0,
    "altitude": 0.0,
    "latitudeSpan": 0.0,
    "longitudeSpan": 0.0
  },
  "url": "https://lh3.googleusercontent.com/qdjLxvfGblg8vwSZhqK8AqeGKv_Vgytr2jKOoL_0SiAzBaPJ6WICGLaKmzdveTK0_fPZp-6c1NC0Tt2Nayc7YMUBH_CgD74fatR_4gs",
  "googlePhotosOrigin": {
    "mobileUpload": {
      "deviceFolder": {
        "localFolderName": ""
      },
      "deviceType": "ANDROID_PHONE"
    }
  },
  "photoLastModifiedTime": {
    "timestamp": "1640592633",
    "formatted": "Dec 27, 2021, 8:10:33 AM UTC"
  }
}