{
  "title": "FB_IMG_1626382223790.jpg",
  "description": "",
  "imageViews": "4",
  "creationTime": {
    "timestamp": "1640592289",
    "formatted": "Dec 27, 2021, 8:04:49 AM UTC"
  },
  "photoTakenTime": {
    "timestamp": "1640590915",
    "formatted": "Dec 27, 2021, 7:41:55 AM UTC"
  },
  "geoData": {
    "latitude": 0.0,
    "longitude": 0.0,
    "altitude": 0.0,
    "latitudeSpan": 0.0,
    "longitudeSpan": 0.0
  },
  "geoDataExif": {
    "latitude": 0.0,
    "longitude": 0.0,
    "altitude": 0.0,
    "latitudeSpan": 0.0,
    "longitudeSpan": 0.0
  },
  "url": "https://lh3.googleusercontent.com/UReVoIGGxvQiTY0VPdxxzF8sOA6rk7-roKOmuP9t_V_Dajm3ZNpqQd-qzfLUMfKWhOzlZqqPuv3l5tulO4OXs3j4CONaZZecuMS_gbU",
  "googlePhotosOrigin": {
    "mobileUpload": {
      "deviceFolder": {
        "localFolderName": ""
      },
      "deviceType": "ANDROID_PHONE"
    }
  },
  "photoLastModifiedTime": {
    "timestamp": "1640592633",
    "formatted": "Dec 27, 2021, 8:10:33 AM UTC"
  }
}