{
  "title": "FB_IMG_1604600562710.jpg",
  "description": "",
  "imageViews": "3",
  "creationTime": {
    "timestamp": "1640592289",
    "formatted": "Dec 27, 2021, 8:04:49 AM UTC"
  },
  "photoTakenTime": {
    "timestamp": "1640590918",
    "formatted": "Dec 27, 2021, 7:41:58 AM UTC"
  },
  "geoData": {
    "latitude": 0.0,
    "longitude": 0.0,
    "altitude": 0.0,
    "latitudeSpan": 0.0,
    "longitudeSpan": 0.0
  },
  "geoDataExif": {
    "latitude": 0.0,
    "longitude": 0.0,
    "altitude": 0.0,
    "latitudeSpan": 0.0,
    "longitudeSpan": 0.0
  },
  "url": "https://lh3.googleusercontent.com/XhV7hS6JS580yDkkmnQMtpy973bXzJ6W_qq5n5YpN_6k_hg4W_N0D9K6noNQO-eU_yI0q_uyfFRHPic84zCjxdGlTEdweCpOahCGb3E",
  "googlePhotosOrigin": {
    "mobileUpload": {
      "deviceFolder": {
        "localFolderName": ""
      },
      "deviceType": "ANDROID_PHONE"
    }
  },
  "photoLastModifiedTime": {
    "timestamp": "1640592633",
    "formatted": "Dec 27, 2021, 8:10:33 AM UTC"
  }
}