{
  "title": "FB_IMG_1604600500858.jpg",
  "description": "",
  "imageViews": "4",
  "creationTime": {
    "timestamp": "1640592289",
    "formatted": "Dec 27, 2021, 8:04:49 AM UTC"
  },
  "photoTakenTime": {
    "timestamp": "1640590918",
    "formatted": "Dec 27, 2021, 7:41:58 AM UTC"
  },
  "geoData": {
    "latitude": 0.0,
    "longitude": 0.0,
    "altitude": 0.0,
    "latitudeSpan": 0.0,
    "longitudeSpan": 0.0
  },
  "geoDataExif": {
    "latitude": 0.0,
    "longitude": 0.0,
    "altitude": 0.0,
    "latitudeSpan": 0.0,
    "longitudeSpan": 0.0
  },
  "url": "https://lh3.googleusercontent.com/npolj5GXIg6T1hFJdGLiOGe92ZzrS_ra3jev8C_wyUzrPEU4ClVSTFqrAElrikO5G_gIOrG2t95c5W1EUyI03hv9WVXBqGCpS79F84A",
  "googlePhotosOrigin": {
    "mobileUpload": {
      "deviceFolder": {
        "localFolderName": ""
      },
      "deviceType": "ANDROID_PHONE"
    }
  },
  "photoLastModifiedTime": {
    "timestamp": "1640592633",
    "formatted": "Dec 27, 2021, 8:10:33 AM UTC"
  }
}