{
  "title": "IMG_20211201_145616_01.jpg",
  "description": "",
  "imageViews": "3",
  "creationTime": {
    "timestamp": "1640592289",
    "formatted": "Dec 27, 2021, 8:04:49 AM UTC"
  },
  "photoTakenTime": {
    "timestamp": "1638395768",
    "formatted": "Dec 1, 2021, 9:56:08 PM UTC"
  },
  "geoData": {
    "latitude": 0.0,
    "longitude": 0.0,
    "altitude": 0.0,
    "latitudeSpan": 0.0,
    "longitudeSpan": 0.0
  },
  "geoDataExif": {
    "latitude": 0.0,
    "longitude": 0.0,
    "altitude": 0.0,
    "latitudeSpan": 0.0,
    "longitudeSpan": 0.0
  },
  "url": "https://lh3.googleusercontent.com/NN9AmFcQ_AE6ljxiJUKwCww8QdNvC4LzRKIrtnLZYZIRINBBvnBt2GI-XfRqMGdMoFCbznNEklRbCxj-NAq38B7zw776eDWdqraFS68",
  "googlePhotosOrigin": {
    "mobileUpload": {
      "deviceFolder": {
        "localFolderName": ""
      },
      "deviceType": "ANDROID_PHONE"
    }
  },
  "photoLastModifiedTime": {
    "timestamp": "1640592633",
    "formatted": "Dec 27, 2021, 8:10:33 AM UTC"
  }
}