{
  "title": "ֆɦǟʀᏦɢʊʀʟ66",
  "description": "",
  "access": "protected",
  "date": {
    "timestamp": "1640592289",
    "formatted": "Dec 27, 2021, 8:04:49 AM UTC"
  },
  "location": "",
  "geoData": {
    "latitude": 0.0,
    "longitude": 0.0,
    "altitude": 0.0,
    "latitudeSpan": 0.0,
    "longitudeSpan": 0.0
  },
  "enrichments": [{
    "narrativeEnrichment": {
      "text": "6053898990"
    }
  }, {
    "locationEnrichment": {
      "location": [{
        "name": "Tiffani Ferguson",
        "description": "",
        "latitudeE7": 0,
        "longitudeE7": 0
      }]
    }
  }]
}