[{
  "device": {
    "mostRecentData": {
      "carrierName": "TracFone",
      "playStoreClientVersion": 82831610,
      "manufacturer": "TCL",
      "modelName": "A600DL",
      "deviceName": "Delhi_TF",
      "productName": "A600DL",
      "retailBrand": "TCL",
      "totalMemoryBytes": "2804006912",
      "nativePlatform": ["arm64-v8a", "armeabi-v7a", "armeabi"],
      "deviceIpCountry": "US",
      "userLocale": "en_US",
      "buildFingerprint": "TCL/A600DL/Delhi_TF:11/RKQ1.201202.002/vAAM:user/release-keys",
      "androidSdkVersion": "30"
    },
    "dataAtTimeOfUserPlayActivity": {
      "carrierName": "TracFone",
      "manufacturer": "TCL",
      "modelName": "A600DL",
      "deviceName": "Delhi_TF",
      "productName": "A600DL",
      "retailBrand": "TCL",
      "nativePlatform": ["arm64-v8a", "armeabi-v7a", "armeabi"],
      "deviceIpCountry": "US",
      "userLocale": "en_US",
      "androidSdkVersion": "30"
    },
    "deviceRegistrationTime": "2021-11-28T08:10:58.143Z",
    "userAddedOnDeviceTime": "2021-11-28T08:10:58.143Z",
    "lastTimeDeviceActive": "2021-12-15T08:27:19.785151Z"
  }
},
{
  "device": {
    "mostRecentData": {
      "carrierName": "No carrier",
      "playStoreClientVersion": 82803410,
      "manufacturer": "samsung",
      "modelName": "SM-S111DL",
      "deviceName": "a01q",
      "productName": "a01qtfn",
      "retailBrand": "samsung",
      "totalMemoryBytes": "1925623808",
      "nativePlatform": ["armeabi-v7a", "armeabi"],
      "deviceIpCountry": "US",
      "userLocale": "en_US",
      "buildFingerprint": "samsung/a01qtfn/a01q:11/RP1A.200720.012/S111DLUDU6BUH2:user/release-keys",
      "androidSdkVersion": "30"
    },
    "dataAtTimeOfUserPlayActivity": {
      "carrierName": "No carrier",
      "manufacturer": "samsung",
      "modelName": "SM-S111DL",
      "deviceName": "a01q",
      "productName": "a01qtfn",
      "retailBrand": "samsung",
      "nativePlatform": ["armeabi-v7a", "armeabi"],
      "deviceIpCountry": "US",
      "userLocale": "en_US",
      "androidSdkVersion": "30"
    },
    "deviceRegistrationTime": "2021-02-05T23:46:47.815Z",
    "userAddedOnDeviceTime": "2021-02-05T23:46:47.815Z",
    "lastTimeDeviceActive": "2021-11-20T15:30:49.837535Z"
  }
},
{
  "device": {
    "mostRecentData": {
      "carrierName": "TracFone",
      "playStoreClientVersion": 82681410,
      "manufacturer": "samsung",
      "modelName": "SM-S767VL",
      "deviceName": "j7topeltetfnvzw",
      "productName": "j7topeltetfnvzw",
      "retailBrand": "samsung",
      "totalMemoryBytes": "1819324416",
      "nativePlatform": ["armeabi-v7a", "armeabi"],
      "deviceIpCountry": "US",
      "userLocale": "en_US",
      "buildFingerprint": "samsung/j7topeltetfnvzw/j7topeltetfnvzw:9/PPR1.180610.011/S767VLUDS9BTJ1:user/release-keys",
      "androidSdkVersion": "28"
    },
    "dataAtTimeOfUserPlayActivity": {
      "carrierName": "TracFone",
      "manufacturer": "samsung",
      "modelName": "SM-S767VL",
      "deviceName": "j7topeltetfnvzw",
      "productName": "j7topeltetfnvzw",
      "retailBrand": "samsung",
      "nativePlatform": ["armeabi-v7a", "armeabi"],
      "deviceIpCountry": "US",
      "userLocale": "en_US",
      "androidSdkVersion": "28"
    },
    "deviceRegistrationTime": "2021-09-02T13:53:02.296Z",
    "userAddedOnDeviceTime": "2021-09-02T13:53:02.297Z",
    "lastTimeDeviceActive": "2021-09-08T00:36:50.582927Z"
  }
},
{
  "device": {
    "mostRecentData": {
      "carrierName": "TracFone",
      "playStoreClientVersion": 82671610,
      "manufacturer": "samsung",
      "modelName": "SM-S767VL",
      "deviceName": "j7topeltetfnvzw",
      "productName": "j7topeltetfnvzw",
      "retailBrand": "samsung",
      "totalMemoryBytes": "1819324416",
      "nativePlatform": ["armeabi-v7a", "armeabi"],
      "deviceIpCountry": "US",
      "userLocale": "en_US",
      "buildFingerprint": "samsung/j7topeltetfnvzw/j7topeltetfnvzw:9/PPR1.180610.011/S767VLUDS9BTJ1:user/release-keys",
      "androidSdkVersion": "28"
    },
    "dataAtTimeOfUserPlayActivity": {
      "carrierName": "TracFone",
      "manufacturer": "samsung",
      "modelName": "SM-S767VL",
      "deviceName": "j7topeltetfnvzw",
      "productName": "j7topeltetfnvzw",
      "retailBrand": "samsung",
      "nativePlatform": ["armeabi-v7a", "armeabi"],
      "deviceIpCountry": "US",
      "userLocale": "en_US",
      "androidSdkVersion": "28"
    },
    "deviceRegistrationTime": "2021-08-22T06:04:10.240Z",
    "userAddedOnDeviceTime": "2021-08-22T06:04:10.240Z",
    "lastTimeDeviceActive": "2021-08-27T05:22:16.431887Z"
  }
},
{
  "device": {
    "mostRecentData": {
      "carrierName": "TracFone",
      "playStoreClientVersion": 82652910,
      "manufacturer": "samsung",
      "modelName": "SM-S767VL",
      "deviceName": "j7topeltetfnvzw",
      "productName": "j7topeltetfnvzw",
      "retailBrand": "samsung",
      "totalMemoryBytes": "1819324416",
      "nativePlatform": ["armeabi-v7a", "armeabi"],
      "deviceIpCountry": "US",
      "userLocale": "en_US",
      "buildFingerprint": "samsung/j7topeltetfnvzw/j7topeltetfnvzw:9/PPR1.180610.011/S767VLUDS9BTJ1:user/release-keys",
      "androidSdkVersion": "28"
    },
    "dataAtTimeOfUserPlayActivity": {
      "carrierName": "TracFone",
      "manufacturer": "samsung",
      "modelName": "SM-S767VL",
      "deviceName": "j7topeltetfnvzw",
      "productName": "j7topeltetfnvzw",
      "retailBrand": "samsung",
      "nativePlatform": ["armeabi-v7a", "armeabi"],
      "deviceIpCountry": "US",
      "userLocale": "en_US",
      "androidSdkVersion": "28"
    },
    "deviceRegistrationTime": "2021-08-20T22:43:39.811Z",
    "userAddedOnDeviceTime": "2021-08-20T22:43:39.811Z",
    "lastTimeDeviceActive": "2021-08-20T22:43:39.924768Z"
  }
},
{
  "device": {
    "mostRecentData": {
      "carrierName": "TracFone",
      "playStoreClientVersion": 82631610,
      "manufacturer": "samsung",
      "modelName": "SM-S767VL",
      "deviceName": "j7topeltetfnvzw",
      "productName": "j7topeltetfnvzw",
      "retailBrand": "samsung",
      "totalMemoryBytes": "1819324416",
      "nativePlatform": ["armeabi-v7a", "armeabi"],
      "deviceIpCountry": "US",
      "userLocale": "en_US",
      "buildFingerprint": "samsung/j7topeltetfnvzw/j7topeltetfnvzw:9/PPR1.180610.011/S767VLUDS9BTJ1:user/release-keys",
      "androidSdkVersion": "28"
    },
    "dataAtTimeOfUserPlayActivity": {
      "carrierName": "TracFone",
      "manufacturer": "samsung",
      "modelName": "SM-S767VL",
      "deviceName": "j7topeltetfnvzw",
      "productName": "j7topeltetfnvzw",
      "retailBrand": "samsung",
      "nativePlatform": ["armeabi-v7a", "armeabi"],
      "deviceIpCountry": "US",
      "userLocale": "en_US",
      "androidSdkVersion": "28"
    },
    "deviceRegistrationTime": "2021-07-24T04:13:44.849Z",
    "userAddedOnDeviceTime": "2021-07-24T04:13:44.849Z",
    "lastTimeDeviceActive": "2021-07-31T19:06:55.126287Z"
  }
},
{
  "device": {
    "mostRecentData": {
      "carrierName": "TracFone",
      "playStoreClientVersion": 82572210,
      "manufacturer": "samsung",
      "modelName": "SM-S767VL",
      "deviceName": "j7topeltetfnvzw",
      "productName": "j7topeltetfnvzw",
      "retailBrand": "samsung",
      "totalMemoryBytes": "1819324416",
      "nativePlatform": ["armeabi-v7a", "armeabi"],
      "deviceIpCountry": "US",
      "userLocale": "en_US",
      "buildFingerprint": "samsung/j7topeltetfnvzw/j7topeltetfnvzw:9/PPR1.180610.011/S767VLUDS9BTJ1:user/release-keys",
      "androidSdkVersion": "28"
    },
    "dataAtTimeOfUserPlayActivity": {
      "carrierName": "TracFone",
      "manufacturer": "samsung",
      "modelName": "SM-S767VL",
      "deviceName": "j7topeltetfnvzw",
      "productName": "j7topeltetfnvzw",
      "retailBrand": "samsung",
      "nativePlatform": ["armeabi-v7a", "armeabi"],
      "deviceIpCountry": "US",
      "userLocale": "en_US",
      "androidSdkVersion": "28"
    },
    "deviceRegistrationTime": "2020-10-29T05:25:03.844Z",
    "userAddedOnDeviceTime": "2020-10-29T05:25:03.844Z",
    "lastTimeDeviceActive": "2021-06-12T11:50:35.362607Z"
  }
},
{
  "device": {
    "mostRecentData": {
      "carrierName": "No carrier",
      "playStoreClientVersion": 82512410,
      "manufacturer": "ZTE",
      "modelName": "Z799VL",
      "deviceName": "martell",
      "productName": "Z799VL",
      "retailBrand": "ZTE",
      "totalMemoryBytes": "945754112",
      "nativePlatform": ["armeabi-v7a", "armeabi"],
      "deviceIpCountry": "US",
      "userLocale": "en_US",
      "buildFingerprint": "ZTE/Z799VL/martell:6.0.1/MMB29M/20170125.103843:user/release-keys",
      "androidSdkVersion": "23"
    },
    "dataAtTimeOfUserPlayActivity": {
      "carrierName": "No carrier",
      "manufacturer": "ZTE",
      "modelName": "Z799VL",
      "deviceName": "martell",
      "productName": "Z799VL",
      "retailBrand": "ZTE",
      "nativePlatform": ["armeabi-v7a", "armeabi"],
      "deviceIpCountry": "US",
      "userLocale": "en_US",
      "androidSdkVersion": "23"
    },
    "deviceRegistrationTime": "2021-04-06T16:38:40.485Z",
    "userAddedOnDeviceTime": "2021-04-06T16:38:40.485Z",
    "lastTimeDeviceActive": "2021-05-17T09:25:05.960879Z"
  }
}]