[{
  "promotionHistory": {
    "instanceContext": {
      "country": "US",
      "document": {
        "title": "$2 coupon toward (1) in-game item in Best Fiends - Free Puzzle Game"
      },
      "totalQuantity": "1",
      "expiryTime": "2022-03-03T10:03:19.441Z"
    },
    "promotionHistory": {
      "promotionState": [{
        "status": "ACTIVE",
        "timestamp": "2021-03-03T10:03:19.450Z",
        "device": {
          "model": "SM-S767VL",
          "carrier": "Verizon Wireless",
          "manufacturer": "samsung",
          "deviceDisplayName": "samsung SM-S767VL"
        },
        "userCountry": "US",
        "userLocale": {
          "languageCode": "en_US",
          "country": "US"
        }
      }, {
        "status": "PROVISIONED",
        "timestamp": "2021-03-09T02:46:22.070Z",
        "device": {
          "model": "SM-S767VL",
          "carrier": "Verizon Wireless",
          "manufacturer": "samsung",
          "deviceDisplayName": "samsung SM-S767VL"
        },
        "userCountry": "US",
        "userLocale": {
          "languageCode": "en_US",
          "country": "US"
        }
      }]
    },
    "lastModificationTime": "2021-03-09T02:46:22.158299Z"
  }
},
{
  "promotionHistory": {
    "instanceContext": {
      "country": "US",
      "document": {
        "title": "$2 coupon toward (1) in-game item in Best Fiends - Free Puzzle Game"
      },
      "totalQuantity": "1",
      "expiryTime": "2022-03-09T07:58:05.184Z"
    },
    "promotionHistory": {
      "promotionState": [{
        "status": "ACTIVE",
        "timestamp": "2021-03-09T07:58:05.259Z",
        "device": {
          "model": "SM-S767VL",
          "carrier": "Verizon Wireless",
          "manufacturer": "samsung",
          "deviceDisplayName": "samsung SM-S767VL"
        },
        "userCountry": "US",
        "userLocale": {
          "languageCode": "en_US",
          "country": "US"
        }
      }, {
        "status": "PROVISIONED",
        "timestamp": "2021-03-09T09:25:00.017Z",
        "device": {
          "model": "SM-S767VL",
          "carrier": "Verizon Wireless",
          "manufacturer": "samsung",
          "deviceDisplayName": "samsung SM-S767VL"
        },
        "userCountry": "US",
        "userLocale": {
          "languageCode": "en_US",
          "country": "US"
        }
      }]
    },
    "lastModificationTime": "2021-03-09T09:25:00.106782Z"
  }
},
{
  "promotionHistory": {
    "instanceContext": {
      "country": "US",
      "document": {
        "title": "$1 coupon toward (1) in-game item in Bubble Shooter: Panda Pop!"
      },
      "totalQuantity": "1",
      "expiryTime": "2022-04-06T21:00:14.282Z"
    },
    "promotionHistory": {
      "promotionState": [{
        "status": "ACTIVE",
        "timestamp": "2021-04-06T21:00:14.286Z",
        "device": {
          "model": "SM-S767VL",
          "carrier": "Verizon Wireless",
          "manufacturer": "samsung",
          "deviceDisplayName": "samsung SM-S767VL"
        },
        "userCountry": "US",
        "userLocale": {
          "languageCode": "en_US",
          "country": "US"
        }
      }, {
        "status": "PROVISIONED",
        "timestamp": "2021-04-07T16:23:53.635Z",
        "device": {
          "model": "SM-S767VL",
          "carrier": "Verizon Wireless",
          "manufacturer": "samsung",
          "deviceDisplayName": "samsung SM-S767VL"
        },
        "userCountry": "US",
        "userLocale": {
          "languageCode": "en_US",
          "country": "US"
        }
      }]
    },
    "lastModificationTime": "2021-06-16T08:50:35.505074Z"
  }
},
{
  "promotionHistory": {
    "instanceContext": {
      "country": "US",
      "document": {
        "title": "$10 coupon toward (1) in-game item in Best Fiends - Free Puzzle Game"
      },
      "totalQuantity": "1",
      "expiryTime": "2022-04-20T07:43:28.378Z"
    },
    "promotionHistory": {
      "promotionState": [{
        "status": "ACTIVE",
        "timestamp": "2021-04-20T07:43:28.669Z",
        "device": {
          "model": "SM-S767VL",
          "carrier": "Verizon Wireless",
          "manufacturer": "samsung",
          "deviceDisplayName": "samsung SM-S767VL"
        },
        "userCountry": "US",
        "userLocale": {
          "languageCode": "en_US",
          "country": "US"
        }
      }, {
        "status": "PROVISIONED",
        "timestamp": "2021-04-20T07:45:24.817Z",
        "device": {
          "model": "SM-S767VL",
          "carrier": "Verizon Wireless",
          "manufacturer": "samsung",
          "deviceDisplayName": "samsung SM-S767VL"
        },
        "userCountry": "US",
        "userLocale": {
          "languageCode": "en_US",
          "country": "US"
        }
      }]
    },
    "lastModificationTime": "2021-06-16T01:34:24.233035Z"
  }
},
{
  "promotionHistory": {
    "instanceContext": {
      "country": "US",
      "document": {
        "title": "$5 coupon toward (1) in-game item in Best Fiends - Free Puzzle Game"
      },
      "totalQuantity": "1",
      "expiryTime": "2022-04-20T09:15:16.566Z"
    },
    "promotionHistory": {
      "promotionState": [{
        "status": "ACTIVE",
        "timestamp": "2021-04-20T09:15:16.855Z",
        "device": {
          "model": "SM-S767VL",
          "carrier": "Verizon Wireless",
          "manufacturer": "samsung",
          "deviceDisplayName": "samsung SM-S767VL"
        },
        "userCountry": "US",
        "userLocale": {
          "languageCode": "en_US",
          "country": "US"
        }
      }, {
        "status": "PROVISIONED",
        "timestamp": "2021-04-20T11:26:26.828Z",
        "device": {
          "model": "SM-S767VL",
          "carrier": "Verizon Wireless",
          "manufacturer": "samsung",
          "deviceDisplayName": "samsung SM-S767VL"
        },
        "userCountry": "US",
        "userLocale": {
          "languageCode": "en_US",
          "country": "US"
        }
      }]
    },
    "lastModificationTime": "2021-06-16T04:01:07.667793Z"
  }
},
{
  "promotionHistory": {
    "instanceContext": {
      "country": "US",
      "document": {
        "title": "$2 coupon toward (1) in-game item in Best Fiends - Free Puzzle Game"
      },
      "totalQuantity": "1",
      "expiryTime": "2022-05-30T08:05:41.614Z"
    },
    "promotionHistory": {
      "promotionState": [{
        "status": "ACTIVE",
        "timestamp": "2021-05-30T08:05:41.735452Z",
        "device": {
          "model": "SM-S767VL",
          "carrier": "Verizon Wireless",
          "manufacturer": "samsung",
          "deviceDisplayName": "samsung SM-S767VL"
        },
        "userCountry": "US",
        "userLocale": {
          "languageCode": "en_US",
          "country": "US"
        }
      }, {
        "status": "PROVISIONED",
        "timestamp": "2021-06-02T08:36:24.188354Z",
        "device": {
          "model": "SM-S767VL",
          "carrier": "Verizon Wireless",
          "manufacturer": "samsung",
          "deviceDisplayName": "samsung SM-S767VL"
        },
        "userCountry": "US",
        "userLocale": {
          "languageCode": "en_US",
          "country": "US"
        }
      }]
    },
    "lastModificationTime": "2021-06-02T08:36:24.225588Z"
  }
},
{
  "promotionHistory": {
    "instanceContext": {
      "country": "US",
      "document": {
        "title": "$2 coupon toward (1) in-game item in Best Fiends - Free Puzzle Game"
      },
      "totalQuantity": "1",
      "expiryTime": "2022-06-02T12:12:43.364Z"
    },
    "promotionHistory": {
      "promotionState": [{
        "status": "ACTIVE",
        "timestamp": "2021-06-02T12:12:43.514291Z",
        "device": {
          "model": "SM-S767VL",
          "carrier": "Verizon Wireless",
          "manufacturer": "samsung",
          "deviceDisplayName": "samsung SM-S767VL"
        },
        "userCountry": "US",
        "userLocale": {
          "languageCode": "en_US",
          "country": "US"
        }
      }, {
        "status": "PROVISIONED",
        "timestamp": "2021-06-04T03:17:45.102446Z",
        "device": {
          "model": "SM-S767VL",
          "carrier": "Verizon Wireless",
          "manufacturer": "samsung",
          "deviceDisplayName": "samsung SM-S767VL"
        },
        "userCountry": "US",
        "userLocale": {
          "languageCode": "en_US",
          "country": "US"
        }
      }]
    },
    "lastModificationTime": "2021-06-04T03:17:45.140331Z"
  }
},
{
  "promotionHistory": {
    "instanceContext": {
      "country": "US",
      "document": {
        "title": "$1 coupon toward (1) in-game item in Bubble Shooter: Panda Pop!"
      },
      "totalQuantity": "1",
      "expiryTime": "2022-06-04T19:18:06.169Z"
    },
    "promotionHistory": {
      "promotionState": [{
        "status": "ACTIVE",
        "timestamp": "2021-06-04T19:18:06.295595Z",
        "device": {
          "model": "SM-S767VL",
          "carrier": "Verizon Wireless",
          "manufacturer": "samsung",
          "deviceDisplayName": "samsung SM-S767VL"
        },
        "userCountry": "US",
        "userLocale": {
          "languageCode": "en_US",
          "country": "US"
        }
      }, {
        "status": "PROVISIONED",
        "timestamp": "2021-06-04T19:36:18.768669Z",
        "device": {
          "model": "SM-S767VL",
          "carrier": "Verizon Wireless",
          "manufacturer": "samsung",
          "deviceDisplayName": "samsung SM-S767VL"
        },
        "userCountry": "US",
        "userLocale": {
          "languageCode": "en_US",
          "country": "US"
        }
      }]
    },
    "lastModificationTime": "2021-06-04T19:36:18.804906Z"
  }
},
{
  "promotionHistory": {
    "instanceContext": {
      "country": "US",
      "document": {
        "title": "$1 coupon toward (1) in-game item in Bubble Shooter: Panda Pop!"
      },
      "totalQuantity": "1",
      "expiryTime": "2022-08-14T21:12:51.925Z"
    },
    "promotionHistory": {
      "promotionState": [{
        "status": "ACTIVE",
        "timestamp": "2021-08-14T21:12:52.090417Z",
        "device": {
          "model": "SM-S111DL",
          "carrier": "Verizon Wireless",
          "manufacturer": "samsung",
          "deviceDisplayName": "Samsung SM-S111DL"
        },
        "userCountry": "US",
        "userLocale": {
          "languageCode": "en_US",
          "country": "US"
        }
      }, {
        "status": "PROVISIONED",
        "timestamp": "2021-08-14T21:15:03.807112Z",
        "device": {
          "model": "SM-S111DL",
          "carrier": "Verizon Wireless",
          "manufacturer": "samsung",
          "deviceDisplayName": "Samsung SM-S111DL"
        },
        "userCountry": "US",
        "userLocale": {
          "languageCode": "en_US",
          "country": "US"
        }
      }]
    },
    "lastModificationTime": "2021-08-14T21:15:03.854612Z"
  }
},
{
  "promotionHistory": {
    "instanceContext": {
      "country": "US",
      "document": {
        "title": "$1 coupon toward (1) in-game item in Bubble Shooter: Panda Pop!"
      },
      "totalQuantity": "1",
      "expiryTime": "2022-09-02T07:24:53.264Z"
    },
    "promotionHistory": {
      "promotionState": [{
        "status": "ACTIVE",
        "timestamp": "2021-09-02T07:24:53.385268Z",
        "device": {
          "model": "SM-S111DL",
          "carrier": "Verizon Wireless",
          "manufacturer": "samsung",
          "deviceDisplayName": "Samsung SM-S111DL"
        },
        "userCountry": "US",
        "userLocale": {
          "languageCode": "en_US",
          "country": "US"
        }
      }, {
        "status": "PROVISIONED",
        "timestamp": "2021-09-08T04:48:15.523375Z",
        "device": {
          "model": "SM-S111DL",
          "carrier": "Verizon Wireless",
          "manufacturer": "samsung",
          "deviceDisplayName": "Samsung SM-S111DL"
        },
        "userCountry": "US",
        "userLocale": {
          "languageCode": "en_US",
          "country": "US"
        }
      }]
    },
    "lastModificationTime": "2021-09-08T04:48:15.527646Z"
  }
},
{
  "promotionHistory": {
    "instanceContext": {
      "country": "US",
      "document": {
        "title": "$2 coupon toward (1) in-game item in Best Fiends - Free Puzzle Game"
      },
      "totalQuantity": "1",
      "expiryTime": "2022-10-03T18:45:06.948Z"
    },
    "promotionHistory": {
      "promotionState": [{
        "status": "ACTIVE",
        "timestamp": "2021-10-03T18:45:06.958810Z",
        "device": {
          "model": "SM-S111DL",
          "carrier": "Verizon Wireless",
          "manufacturer": "samsung",
          "deviceDisplayName": "Samsung SM-S111DL"
        },
        "userCountry": "US",
        "userLocale": {
          "languageCode": "en_US",
          "country": "US"
        }
      }, {
        "status": "PROVISIONED",
        "timestamp": "2021-11-03T00:38:25.722357Z",
        "device": {
          "model": "SM-S111DL",
          "carrier": "Verizon Wireless",
          "manufacturer": "samsung",
          "deviceDisplayName": "Samsung SM-S111DL"
        },
        "userCountry": "US",
        "userLocale": {
          "languageCode": "en_US",
          "country": "US"
        }
      }]
    },
    "lastModificationTime": "2021-11-03T00:38:25.738468Z"
  }
},
{
  "promotionHistory": {
    "instanceContext": {
      "country": "US",
      "document": {
        "title": "N/A"
      },
      "totalQuantity": "1",
      "expiryTime": "2021-10-27T03:16:43.421Z"
    },
    "promotionHistory": {
      "promotionState": [{
        "status": "ACTIVE",
        "timestamp": "2021-10-26T03:16:43.427714Z",
        "device": {
          "model": "SM-S111DL",
          "carrier": "Verizon Wireless",
          "manufacturer": "samsung",
          "deviceDisplayName": "Samsung SM-S111DL"
        },
        "userCountry": "US",
        "userLocale": {
          "languageCode": "en_US",
          "country": "US"
        }
      }]
    },
    "lastModificationTime": "2021-10-26T03:16:43.553066Z"
  }
},
{
  "promotionHistory": {
    "instanceContext": {
      "country": "US",
      "document": {
        "title": "$2 coupon toward (1) in-game item in Best Fiends - Match 3 Puzzles"
      },
      "totalQuantity": "1",
      "expiryTime": "2022-11-03T00:30:38.839Z"
    },
    "promotionHistory": {
      "promotionState": [{
        "status": "ACTIVE",
        "timestamp": "2021-11-03T00:30:38.845857Z",
        "device": {
          "model": "SM-S111DL",
          "carrier": "Verizon Wireless",
          "manufacturer": "samsung",
          "deviceDisplayName": "Samsung SM-S111DL"
        },
        "userCountry": "US",
        "userLocale": {
          "languageCode": "en_US",
          "country": "US"
        }
      }, {
        "status": "PROVISIONED",
        "timestamp": "2021-11-03T00:34:07.095409Z",
        "device": {
          "model": "SM-S111DL",
          "carrier": "Verizon Wireless",
          "manufacturer": "samsung",
          "deviceDisplayName": "Samsung SM-S111DL"
        },
        "userCountry": "US",
        "userLocale": {
          "languageCode": "en_US",
          "country": "US"
        }
      }]
    },
    "lastModificationTime": "2021-11-03T00:34:07.114491Z"
  }
},
{
  "promotionHistory": {
    "instanceContext": {
      "country": "US",
      "document": {
        "title": "$2 coupon toward (1) in-game item in Best Fiends - Match 3 Puzzles"
      },
      "totalQuantity": "1",
      "expiryTime": "2022-11-05T08:41:42.438Z"
    },
    "promotionHistory": {
      "promotionState": [{
        "status": "ACTIVE",
        "timestamp": "2021-11-05T08:41:42.443865Z",
        "device": {
          "model": "SM-S111DL",
          "carrier": "Verizon Wireless",
          "manufacturer": "samsung",
          "deviceDisplayName": "Samsung SM-S111DL"
        },
        "userCountry": "US",
        "userLocale": {
          "languageCode": "en_US",
          "country": "US"
        }
      }, {
        "status": "PROVISIONED",
        "timestamp": "2021-12-03T09:10:58.476076Z",
        "device": {
          "model": "A600DL",
          "carrier": "TracFone",
          "manufacturer": "TCL",
          "deviceDisplayName": "TCL A600DL"
        },
        "userCountry": "US",
        "userLocale": {
          "languageCode": "en_US",
          "country": "US"
        }
      }]
    },
    "lastModificationTime": "2021-12-03T09:10:58.508545Z"
  }
}]