[{
  "review": {
    "document": {
      "documentType": "Android Apps",
      "title": "Game Booster Ultra"
    },
    "creationTime": "2021-12-11T03:26:50.560Z",
    "starRating": 5,
    "comment": "",
    "structuredReviewResponse": [{
      "question": "Rate your experience for how \u003cb\u003eeasy to use\u003c/b\u003e the app is.",
      "responseOptionType": "Star Rating",
      "featureRating": 5
    }, {
      "question": "Rate your experience for \u003cb\u003eads shown inside the app\u003c/b\u003e.",
      "responseOptionType": "Star Rating",
      "featureRating": 1
    }]
  }
},
{
  "review": {
    "document": {
      "documentType": "Android Apps",
      "title": "Trivia Crack Premium"
    },
    "creationTime": "2021-12-02T22:54:41.949Z",
    "starRating": 3,
    "comment": "I love the game",
    "structuredReviewResponse": [{
      "question": "Is this game \u003cb\u003ebeautiful\u003c/b\u003e?",
      "responseOptionType": "Negative"
    }, {
      "question": "Is this game \u003cb\u003erealistic\u003c/b\u003e?",
      "responseOptionType": "Negative"
    }, {
      "question": "Can you play this game \u003cb\u003eoffline\u003c/b\u003e?",
      "responseOptionType": "Positive"
    }]
  }
},
{
  "review": {
    "document": {
      "documentType": "Android Apps",
      "title": "Bluetooth \u0026 Wi-Fi \u0026 USB driver- Connect any device"
    },
    "creationTime": "2021-12-02T01:54:26.195Z",
    "starRating": 2,
    "comment": ""
  }
},
{
  "review": {
    "document": {
      "documentType": "Android Apps",
      "title": "Walmart Shopping \u0026 Grocery"
    },
    "creationTime": "2021-11-02T15:41:20.630Z",
    "starRating": 5,
    "comment": ""
  }
},
{
  "review": {
    "document": {
      "documentType": "Android Apps",
      "title": "Direct Express®"
    },
    "creationTime": "2021-11-01T06:19:04.349Z",
    "starRating": 5,
    "comment": "",
    "structuredReviewResponse": [{
      "question": "Can you use this app to \u003cb\u003emanage home insurance\u003c/b\u003e?",
      "responseOptionType": "Negative"
    }, {
      "question": "Does this app allow you to \u003cb\u003eauto invest\u003c/b\u003e?",
      "responseOptionType": "Negative"
    }, {
      "question": "Can you use this app to \u003cb\u003emake payments\u003c/b\u003e?",
      "responseOptionType": "Negative"
    }]
  }
},
{
  "review": {
    "document": {
      "documentType": "Android Apps",
      "title": "Kitten Match"
    },
    "creationTime": "2021-09-16T23:54:32.977Z",
    "starRating": 5,
    "comment": "I love it"
  }
},
{
  "review": {
    "document": {
      "documentType": "Android Apps",
      "title": "Google Play Games"
    },
    "creationTime": "2021-09-10T14:13:17.039Z",
    "starRating": 4,
    "comment": "",
    "structuredReviewResponse": [{
      "question": "Do you \u003cb\u003espend more time\u003c/b\u003e in this app than expected?",
      "responseOptionType": "Negative"
    }, {
      "question": "Does this app contain ads that \u003cb\u003enegatively impact\u003c/b\u003e your experience?",
      "responseOptionType": "Negative"
    }, {
      "question": "Is the \u003cb\u003emulti-language support\u003c/b\u003e good?",
      "responseOptionType": "Positive"
    }]
  }
},
{
  "review": {
    "document": {
      "documentType": "Android Apps",
      "title": "Solitaire Mobile"
    },
    "creationTime": "2021-09-04T08:47:33.614Z",
    "starRating": 3,
    "comment": "I like it"
  }
},
{
  "review": {
    "document": {
      "documentType": "Android Apps",
      "title": "System Repair App, Junk Clean"
    },
    "creationTime": "2021-08-24T02:41:41.604Z",
    "starRating": 3,
    "comment": "",
    "structuredReviewResponse": [{
      "question": "Does this app contain ads that \u003cb\u003enegatively impact\u003c/b\u003e your experience?",
      "responseOptionType": "Negative"
    }, {
      "question": "Does this app have \u003cb\u003epredictive typing\u003c/b\u003e?",
      "responseOptionType": "Neutral"
    }, {
      "question": "Is this app \u003cb\u003edifficult to use\u003c/b\u003e?",
      "responseOptionType": "Negative"
    }]
  }
},
{
  "review": {
    "document": {
      "documentType": "Android Apps",
      "title": "TextNow: Call + Text Unlimited"
    },
    "creationTime": "2021-08-24T00:52:59.936Z",
    "starRating": 5,
    "comment": "i love ut"
  }
},
{
  "review": {
    "document": {
      "documentType": "Android Apps",
      "title": "com.moumouapps.fastcharging.batterysaver"
    },
    "creationTime": "2021-08-14T18:08:34.728Z",
    "starRating": 4,
    "comment": "",
    "structuredReviewResponse": [{
      "question": "Rate your experience for \u003cb\u003eads shown inside the app\u003c/b\u003e.",
      "responseOptionType": "Star Rating",
      "featureRating": 1
    }, {
      "question": "Rate your experience for how \u003cb\u003eeasy to use\u003c/b\u003e the app is.",
      "responseOptionType": "Star Rating",
      "featureRating": 5
    }]
  }
},
{
  "review": {
    "document": {
      "documentType": "Android Apps",
      "title": "Messenger Lite"
    },
    "creationTime": "2021-07-21T21:32:33.855Z",
    "starRating": 3,
    "comment": "I like it"
  }
},
{
  "review": {
    "document": {
      "documentType": "Android Apps",
      "title": "Kika Keyboard 2021 - Emoji Keyboard, Stickers, GIF"
    },
    "creationTime": "2021-06-12T23:34:52.851Z",
    "starRating": 5,
    "comment": "",
    "structuredReviewResponse": [{
      "question": "Rate your experience for \u003cb\u003eads shown inside the app\u003c/b\u003e.",
      "responseOptionType": "Star Rating",
      "featureRating": 2
    }, {
      "question": "Rate your experience for how \u003cb\u003eeasy to use\u003c/b\u003e the app is.",
      "responseOptionType": "Star Rating",
      "featureRating": 5
    }]
  }
},
{
  "review": {
    "document": {
      "documentType": "Android Apps",
      "title": "com.fastcharger.fast2021"
    },
    "creationTime": "2021-05-27T05:17:41.920Z",
    "starRating": 5,
    "comment": "",
    "structuredReviewResponse": [{
      "question": "Did this app \u003cb\u003emeet your expectations\u003c/b\u003e?",
      "responseOptionType": "Positive"
    }, {
      "question": "Does the \u003cb\u003eapp description\u003c/b\u003e match the app experience?",
      "responseOptionType": "Neutral"
    }, {
      "question": "Are the \u003cb\u003ewallpapers\u003c/b\u003e good?",
      "responseOptionType": "Neutral"
    }]
  }
},
{
  "review": {
    "document": {
      "documentType": "Android Apps",
      "title": "Trivia Crack Adventure"
    },
    "creationTime": "2021-05-18T18:51:24.209Z",
    "starRating": 5,
    "comment": "",
    "structuredReviewResponse": [{
      "question": "Is this game \u003cb\u003esimple\u003c/b\u003e?",
      "responseOptionType": "Positive"
    }, {
      "question": "Is this game \u003cb\u003ebeautiful\u003c/b\u003e?",
      "responseOptionType": "Positive"
    }, {
      "question": "Can you play this game with \u003cb\u003eother users\u003c/b\u003e (online or offline)?",
      "responseOptionType": "Positive"
    }]
  }
},
{
  "review": {
    "document": {
      "documentType": "Android Apps",
      "title": "Trivia Crack"
    },
    "creationTime": "2021-05-18T18:51:01.467Z",
    "starRating": 5,
    "comment": "I love it",
    "structuredReviewResponse": [{
      "question": "Is this app \u003cb\u003edifficult to use\u003c/b\u003e?",
      "responseOptionType": "Negative"
    }, {
      "question": "Is this game \u003cb\u003einteractive\u003c/b\u003e?",
      "responseOptionType": "Positive"
    }, {
      "question": "Is this a \u003cb\u003edentist\u003c/b\u003e game?",
      "responseOptionType": "Negative"
    }]
  }
},
{
  "review": {
    "document": {
      "documentType": "Android Apps",
      "title": "Wi-Fi Utility"
    },
    "creationTime": "2021-05-11T09:51:04.417Z",
    "starRating": 4,
    "comment": "",
    "structuredReviewResponse": [{
      "question": "Rate your experience for \u003cb\u003eads shown inside the app\u003c/b\u003e.",
      "responseOptionType": "Star Rating",
      "featureRating": 0
    }, {
      "question": "Rate your experience for how \u003cb\u003eeasy to use\u003c/b\u003e the app is.",
      "responseOptionType": "Star Rating",
      "featureRating": 5
    }]
  }
},
{
  "review": {
    "document": {
      "documentType": "Android Apps",
      "title": "Board Kings: Board Games Blast"
    },
    "creationTime": "2021-04-20T09:31:14.956Z",
    "starRating": 5,
    "comment": "",
    "structuredReviewResponse": [{
      "question": "Is this a \u003cb\u003emassively multiplayer online real-time strategy\u003c/b\u003e game?",
      "responseOptionType": "Neutral"
    }, {
      "question": "Is this a \u003cb\u003esuperhero\u003c/b\u003e game?",
      "responseOptionType": "Negative"
    }, {
      "question": "Is this game \u003cb\u003echallenging\u003c/b\u003e?",
      "responseOptionType": "Positive"
    }]
  }
},
{
  "review": {
    "document": {
      "documentType": "Android Apps",
      "title": "Bubble Shooter: Panda Pop!"
    },
    "creationTime": "2021-03-26T14:53:48.182Z",
    "starRating": 5,
    "comment": "",
    "structuredReviewResponse": [{
      "question": "Is this a \u003cb\u003eword\u003c/b\u003e game?",
      "responseOptionType": "Negative"
    }, {
      "question": "Is this a \u003cb\u003ebaseball\u003c/b\u003e game?",
      "responseOptionType": "Negative"
    }, {
      "question": "Is this game a \u003cb\u003eclassic\u003c/b\u003e?",
      "responseOptionType": "Positive"
    }]
  }
},
{
  "review": {
    "document": {
      "documentType": "Android Apps",
      "title": "Dr. Alarm - Smart alarm clock"
    },
    "creationTime": "2021-03-24T09:13:37.423Z",
    "starRating": 4,
    "comment": "I love this app"
  }
},
{
  "review": {
    "document": {
      "documentType": "Android Apps",
      "title": "Alarm Clock \u0026 Timer \u0026 Stopwatch Free"
    },
    "creationTime": "2021-03-24T08:23:34.536Z",
    "starRating": 4,
    "comment": "",
    "structuredReviewResponse": [{
      "question": "Does this app contain \u003cb\u003edeceptive ads\u003c/b\u003e?",
      "responseOptionType": "Negative"
    }, {
      "question": "Does this app have a \u003cb\u003epositive impact\u003c/b\u003e on your life?",
      "responseOptionType": "Positive"
    }, {
      "question": "Is this app \u003cb\u003edifficult to use\u003c/b\u003e?",
      "responseOptionType": "Negative"
    }]
  }
},
{
  "review": {
    "document": {
      "documentType": "Android Apps",
      "title": "Solitaire - Make Money"
    },
    "creationTime": "2021-03-03T13:16:00.911Z",
    "starRating": 5,
    "comment": "",
    "structuredReviewResponse": [{
      "question": "Is this a \u003cb\u003espades\u003c/b\u003e game?",
      "responseOptionType": "Negative"
    }, {
      "question": "Is this a \u003cb\u003epuzzle\u003c/b\u003e game?",
      "responseOptionType": "Negative"
    }, {
      "question": "Is this app \u003cb\u003eeasy to use\u003c/b\u003e?",
      "responseOptionType": "Positive"
    }]
  }
},
{
  "review": {
    "document": {
      "documentType": "Android Apps",
      "title": "Samsung Internet Browser"
    },
    "creationTime": "2021-02-14T08:17:07.960Z",
    "starRating": 5,
    "comment": "",
    "structuredReviewResponse": [{
      "question": "Does this app have a \u003cb\u003epositive impact\u003c/b\u003e on your life?",
      "responseOptionType": "Positive"
    }, {
      "question": "Can you use this app for \u003cb\u003evoice calls over the internet\u003c/b\u003e?",
      "responseOptionType": "Positive"
    }, {
      "question": "Can you use this app to \u003cb\u003epay friends\u003c/b\u003e?",
      "responseOptionType": "Positive"
    }]
  }
},
{
  "review": {
    "document": {
      "documentType": "Android Apps",
      "title": "Fast Charger Speed Booster"
    },
    "creationTime": "2021-02-12T04:21:19.484Z",
    "starRating": 4,
    "comment": "",
    "structuredReviewResponse": [{
      "question": "Does this app have \u003cb\u003euseful notifications\u003c/b\u003e?",
      "responseOptionType": "Positive"
    }, {
      "question": "Is this app \u003cb\u003edifficult to use\u003c/b\u003e?",
      "responseOptionType": "Negative"
    }, {
      "question": "Does the \u003cb\u003eapp description\u003c/b\u003e match the app experience?",
      "responseOptionType": "Positive"
    }]
  }
},
{
  "review": {
    "document": {
      "documentType": "Android Apps",
      "title": "Best Fiends - Match 3 Puzzles"
    },
    "creationTime": "2021-02-03T18:39:13.104Z",
    "starRating": 5,
    "comment": "I love playing the game",
    "structuredReviewResponse": [{
      "question": "Is this game \u003cb\u003ehappy\u003c/b\u003e?",
      "responseOptionType": "Positive"
    }, {
      "question": "Is this a \u003cb\u003esliding puzzle\u003c/b\u003e game?",
      "responseOptionType": "Neutral"
    }, {
      "question": "Does this game \u003cb\u003emake you happy\u003c/b\u003e?",
      "responseOptionType": "Positive"
    }]
  }
},
{
  "review": {
    "document": {
      "documentType": "Android Apps",
      "title": "Google Play services"
    },
    "creationTime": "2021-02-03T16:41:39.814Z",
    "starRating": 5,
    "comment": "i love it"
  }
},
{
  "review": {
    "document": {
      "documentType": "Android Apps",
      "title": "Google Chrome: Fast \u0026 Secure"
    },
    "creationTime": "2021-02-03T07:32:43.754Z",
    "starRating": 5,
    "comment": "",
    "structuredReviewResponse": [{
      "question": "Do you \u003cb\u003espend more time\u003c/b\u003e in this app than expected?",
      "responseOptionType": "Neutral"
    }, {
      "question": "Does this app have \u003cb\u003esecure messaging\u003c/b\u003e?",
      "responseOptionType": "Neutral"
    }, {
      "question": "Does this app contain ads that \u003cb\u003enegatively impact\u003c/b\u003e your experience?",
      "responseOptionType": "Negative"
    }]
  }
},
{
  "review": {
    "document": {
      "documentType": "Android Apps",
      "title": "Gardenscapes"
    },
    "creationTime": "2021-01-24T00:40:55.517Z",
    "starRating": 5,
    "comment": "",
    "structuredReviewResponse": [{
      "question": "Is this a \u003cb\u003egraphic adventure\u003c/b\u003e game?",
      "responseOptionType": "Positive"
    }, {
      "question": "Is this a \u003cb\u003ebasketball\u003c/b\u003e game?",
      "responseOptionType": "Negative"
    }, {
      "question": "Is this game \u003cb\u003efun\u003c/b\u003e?",
      "responseOptionType": "Positive"
    }]
  }
},
{
  "review": {
    "document": {
      "documentType": "Android Apps",
      "title": "GO Launcher - 3D parallax Themes \u0026 HD Wallpapers"
    },
    "creationTime": "2021-01-04T03:30:35.591Z",
    "starRating": 3,
    "comment": "",
    "structuredReviewResponse": [{
      "question": "Does this app have \u003cb\u003ealert sounds\u003c/b\u003e?",
      "responseOptionType": "Positive"
    }, {
      "question": "Can you \u003cb\u003eedit ringtones\u003c/b\u003e with this app?",
      "responseOptionType": "Positive"
    }, {
      "question": "Are the \u003cb\u003elaunchers\u003c/b\u003e good?",
      "responseOptionType": "Positive"
    }]
  }
},
{
  "review": {
    "document": {
      "documentType": "Android Apps",
      "title": "Messenger"
    },
    "creationTime": "2021-01-02T15:01:27.915Z",
    "starRating": 5,
    "comment": "",
    "structuredReviewResponse": [{
      "question": "Is this app good for \u003cb\u003esending photos\u003c/b\u003e?",
      "responseOptionType": "Positive"
    }, {
      "question": "Does this app have \u003cb\u003eGIF support\u003c/b\u003e?",
      "responseOptionType": "Positive"
    }, {
      "question": "Does this app have \u003cb\u003emessage receipts\u003c/b\u003e?",
      "responseOptionType": "Positive"
    }]
  }
},
{
  "review": {
    "document": {
      "documentType": "Android Apps",
      "title": "Playsmart - Win Gifts For Your Time Spent Playing"
    },
    "creationTime": "2020-12-27T03:22:28.764Z",
    "starRating": 4,
    "comment": ""
  }
},
{
  "review": {
    "document": {
      "documentType": "Android Apps",
      "title": "Spotify: Music and Podcasts"
    },
    "creationTime": "2020-12-08T20:58:06.656Z",
    "starRating": 5,
    "comment": "",
    "structuredReviewResponse": [{
      "question": "Does this app work with \u003cb\u003eAndroid Wear\u003c/b\u003e?",
      "responseOptionType": "Neutral"
    }, {
      "question": "Can you \u003cb\u003eshare songs\u003c/b\u003e with this app?",
      "responseOptionType": "Neutral"
    }, {
      "question": "Can you \u003cb\u003eDJ\u003c/b\u003e with this app?",
      "responseOptionType": "Neutral"
    }]
  }
},
{
  "review": {
    "document": {
      "documentType": "Android Apps",
      "title": "InboxDollars"
    },
    "creationTime": "2020-12-04T06:08:52.738Z",
    "starRating": 5,
    "comment": "",
    "structuredReviewResponse": [{
      "question": "Did this app \u003cb\u003emeet your expectations\u003c/b\u003e?",
      "responseOptionType": "Positive"
    }, {
      "question": "Does this app have \u003cb\u003etrailers\u003c/b\u003e?",
      "responseOptionType": "Neutral"
    }, {
      "question": "Does the \u003cb\u003eapp description\u003c/b\u003e match the app experience?",
      "responseOptionType": "Positive"
    }]
  }
},
{
  "review": {
    "document": {
      "documentType": "Android Apps",
      "title": "Alarm Clock Xtreme: Alarm, Reminders, Timer"
    },
    "creationTime": "2020-11-05T17:44:02.548Z",
    "starRating": 3,
    "comment": "",
    "structuredReviewResponse": [{
      "question": "Does the \u003cb\u003eapp description\u003c/b\u003e match the app experience?",
      "responseOptionType": "Positive"
    }, {
      "question": "Is this app good for \u003cb\u003eworking offline\u003c/b\u003e?",
      "responseOptionType": "Neutral"
    }, {
      "question": "Does this app have \u003cb\u003epredictive typing\u003c/b\u003e?",
      "responseOptionType": "Negative"
    }]
  }
},
{
  "review": {
    "document": {
      "documentType": "Android Apps",
      "title": "Kitten Match"
    },
    "creationTime": "2020-11-03T12:32:07.160Z",
    "starRating": 5,
    "comment": ""
  }
},
{
  "review": {
    "document": {
      "documentType": "Android Apps",
      "title": "Homescapes"
    },
    "creationTime": "2020-11-03T11:31:57.790Z",
    "starRating": 5,
    "comment": ""
  }
},
{
  "review": {
    "document": {
      "documentType": "Android Apps",
      "title": "Repair system for Android: Phone Cleaner \u0026 Booster"
    },
    "creationTime": "2020-10-31T07:34:00.773Z",
    "starRating": 4,
    "comment": "",
    "structuredReviewResponse": [{
      "question": "Does this app have \u003cb\u003euseful notifications\u003c/b\u003e?",
      "responseOptionType": "Negative"
    }, {
      "question": "Does this app \u003cb\u003elook bad visually\u003c/b\u003e?",
      "responseOptionType": "Positive"
    }, {
      "question": "Does this app contain \u003cb\u003edeceptive ads\u003c/b\u003e?",
      "responseOptionType": "Negative"
    }]
  }
},
{
  "review": {
    "document": {
      "documentType": "Android Apps",
      "title": "MISTPLAY: Rewards For Playing Games"
    },
    "creationTime": "2020-10-29T17:30:14.047Z",
    "starRating": 5,
    "comment": "I love this game"
  }
}]